Station Id,Name,Latitude,Longitude,Number of Bikes
7000,Fort York  Blvd / Capreol Ct,43.639832,-79.395954,6
7001,Wellesley Station Green P,43.66496415990742,-79.38355031526893,11
7002,St. George St / Bloor St W,43.667333,-79.399429,9
7003,Madison Ave / Bloor St W,43.667158,-79.402761,2
7004,University Ave / Elm St,43.656518,-79.389099,6
7005,King St W / York St,43.6480008,-79.383177,17
7006,Bay St / College St (East Side),43.660439,-79.385525,2
7007,College St / Huron St,43.658148,-79.398167,8
7008,Wellesley St W / Queen's Park Cres,43.663376,-79.392125,15
7009,King St E / Jarvis St,43.650325,-79.372287,16
7010,King St W / Spadina Ave,43.645323,-79.395003,8
7012,Elizabeth St / Edward St (Bus Terminal),43.656026,-79.385327,11
7014,Sherbourne St / Carlton St (Allan Gardens),43.663102,-79.373181,5
7015,King St W / Bay St (West Side),43.64852,-79.380576,31
7016,Bay St / Queens Quay W (Ferry Terminal),43.640978,-79.376785,32
7018,Bremner Blvd / Rees St,43.641529,-79.386741,9
7020,Phoebe St / Spadina Ave,43.650033,-79.396555,21
7021,Bay St / Albert St,43.653264,-79.382458,29
7022,Simcoe St / Queen St W,43.65049,-79.3873,11
7023,College St / Borden St,43.6571,-79.4056,3
7024,Dundonald St / Church St,43.66663,-79.38148,16
7025,Ted Rogers Way / Bloor St E,43.671293,-79.380471,1
7026,Bay St / St. Joseph St,43.665527,-79.387499,2
7027,Beverley  St / Dundas St W,43.652823,-79.393388,13
7028,Gould St / Mutual St,43.6582,-79.3768,16
7029,Bay St / Bloor St W (East Side),43.66943,-79.38915,12
7030,Bay St / Wellesley St W,43.664088,-79.387095,24
7031,Jarvis St / Isabella St,43.668991,-79.379385,7
7032,Augusta Ave / Dundas St W,43.652473,-79.401456,5
7033,Union Station,43.645609,-79.380386,25
7034,Church St / Bloor St E,43.671389,-79.382919,4
7035,Queen St W / Ossington Ave,43.643975,-79.419576,16
7036,Trinity St /Front St E,43.651318,-79.36023,12
7037,Bathurst St / Dundas St W,43.6519501,-79.4060978,17
7038,Dundas St W / Yonge St,43.656094,-79.381484,27
7039,Simcoe St / Michael Sweet Ave,43.652327224103,-79.3882538196087,5
7040,Euclid Ave / Bloor St W,43.664467,-79.414783,1
7041,Edward St / Yonge St,43.656729,-79.382736,22
7042,Sherbourne St / Wellesley St E,43.6673,-79.374,12
7043,Queens Quay W / Lower Simcoe St,43.63951,-79.383717,4
7044,Church St / Alexander St,43.663722,-79.380288,11
7045,Bond St / Queen St E,43.653236,-79.376716,12
7046,Niagara St / Richmond St W,43.64534,-79.409597,10
7047,University Ave / Gerrard St W (East Side),43.657763,-79.389165,24
7048,Front St W / Yonge St (Hockey Hall of Fame),43.646144,-79.377962,31
7049,Portland St / Queen St W,43.6476,-79.4015,11
7050,Richmond St E / Jarvis St Green P,43.652634,-79.374222,8
7052,Wellington St W / Bay St,43.647259,-79.379878,20
7053,Metro Hall Plaza,43.645859,-79.38783,25
7054,Navy Wharf Crt / Bremner Blvd,43.640722,-79.391051,4
7055,Jarvis St / Carlton St,43.66207,-79.37617,3
7056,Parliament St / Gerrard St E,43.662132,-79.3656796,4
7057,Simcoe St / Wellington St W South,43.6458569,-79.3853654,22
7058,Huron St / Harbord St,43.6637,-79.400053,19
7059,Front St W / Blue Jays Way,43.643473,-79.390477,6
7061,Dalton Rd / Bloor St W,43.6662942,-79.4066433,8
7062,University Ave / College St (West),43.659226,-79.390213,10
7063,Queen's Park / Bloor St W,43.668456,-79.393899,15
7064,51 Parliament St,43.65205,-79.362198,8
7065,Dundas St E / Parliament St,43.659575,-79.365769,5
7066,Willcocks St / St. George St,43.662085,-79.397735,15
7067,Yonge St / Harbour St,43.643795,-79.375413,22
7068,Blantyre Park,43.68306889999999,-79.279682,3
7069,Queen St W / Spadina Ave,43.649147,-79.395504,7
7070,25 York St – Union Station South,43.643667,-79.380414,7
7071,161 Bleecker St (South of Wellesley),43.666233,-79.373327,18
7072,Fleet St / Bathurst St,43.636611,-79.400042,5
7073,Spadina Ave / Fort York Blvd,43.640114,-79.393249,5
7074,King St E / Church St,43.65003919999999,-79.3733541,12
7075,Queens Quay W / Dan Leckie Way,43.636533,-79.395854,20
7076,York St / Queens Quay W,43.640132,-79.380464,23
7077,College Park South,43.659777,-79.382767,9
7078,College St / Major St,43.6576,-79.4032,13
7079,McGill St / Church St,43.660694,-79.379052,0
7083,Danforth Ave / Barrington Ave,43.688325,-79.300463,7
7084,High Park - Grenadier Cafe,43.645599,-79.4657123,3
7085,Danforth Ave / Westlake Ave,43.687323,-79.304848,8
7086,High Park - West Rd,43.6525077,-79.4654233,10
7087,Danforth Ave / Aldridge Ave,43.684758,-79.316767,9
7088,Danforth Ave / Coxwell Ave,43.683378,-79.322961,1
7089,Church St  / Wood St,43.662712,-79.379903,5
7090,Danforth Ave / Lamb Ave,43.681991,-79.329455,0
7091,Donlands Subway Station,43.681114,-79.3373885,9
7092,Pape Subway Station (Green P),43.680223,-79.344062,10
7093,Danforth Ave / Gough Ave,43.678401,-79.346289,8
7094,Chester Subway Station,43.6784834,-79.3513564,0
7095,Danforth Ave / Ellerbeck St,43.677076,-79.35667,6
7096,Lower Don River Trail and Taylor Creek Trail,43.7027268,-79.33368089999999,17
7097,Riverdale Park North (Broadview Ave),43.671172,-79.354704,0
7099,Cherry St / Mill St,43.6513927,-79.35794659999999,1
7100,Dundas St E / Regent Park Blvd,43.660207,-79.361275,16
7101,Lower Sherbourne St / The Esplanade,43.648655,-79.367061,13
7102,Nelson St / Duncan St,43.648711,-79.389728,11
7103,Jimmie Simpson Park (Queen St E),43.6605603,-79.3437663,8
7104,King St E / River St,43.65678478285314,-79.35627385059036,2
7105,Queen St E / Sackville St,43.6561111,-79.36138888888888,1
7106,Mill St / Tannery Rd,43.652219,-79.354455,14
7107,Cherry St / Distillery Ln,43.650279,-79.356832,7
7108,Front St E / Cherry St,43.652686,-79.358395,8
7109,Seaton St / Dundas St E - SMART,43.658777,-79.369596,9
7110,Queen St E / Berkeley St,43.6552778,-79.36583333333333,0
7111,King St W / Douro St,43.640885,-79.416379,5
7112,Liberty St / Fraser Ave Green P,43.637981,-79.424146,15
7114,Carlton St / Parliament St,43.664524,-79.36793,7
7115,Howard St / Sherbourne St,43.6712581,-79.376367,11
7117,640 Bloor Street E,43.67468857448634,-79.36701962396272,3
7118,King St W / Bay St (East Side),43.648575,-79.380042,17
7119,Sumach St / Carlton St (Riverdale Farm),43.665867,-79.362506,0
7120,Gerrard St E / River St,43.663993,-79.358534,1
7121,Jarvis St / Dundas St E,43.657266,-79.374756,2
7122,Niagara St / Tecumseth St,43.641389,-79.404444,5
7123,424 Wellington St W,43.643834,-79.396649,15
7124,Dundas St E / Broadview Ave,43.662365,-79.351104,1
7126,Yonge St / Yorkville Ave,43.671944,-79.387778,2
7127,Bay St / Scollard St,43.672152,-79.39018,3
7128,Yonge St / Aylmer Ave,43.675492,-79.388858,10
7129,Davenport Rd / Avenue Rd,43.674991,-79.396273,3
7130,Davenport Rd / Bedford Rd,43.674446,-79.398331,2
7131,Taddle Creek Park,43.66986,-79.398443,1
7132,Kendal Ave / Spadina Rd,43.670318,-79.405181,0
7133,Summerhill Subway Station,43.681944,-79.390556,1
7135,Hanna Ave / Liberty St,43.63840090000001,-79.4197107,9
7136,Queen St W / Close Ave,43.640634,-79.435841,14
7137,Davenport Rd / Bathurst St,43.676667,-79.416111,21
7138,Davenport Rd / Christie St,43.675278,-79.423889,12
7139,Glen Edyth Dr / Davenport Rd,43.677778,-79.405556,3
7140,Macpherson Ave / Spadina Rd,43.675791,-79.40698,5
7141,Bridgman Ave / Kendal Ave,43.675556,-79.410278,5
7142,Bridgman Ave / Bathurst St,43.674444,-79.414722,8
7143,Kendal Ave / Bernard Ave,43.671513,-79.408317,1
7144,Palmerston Ave / Vermont Ave,43.671389,-79.416389,0
7146,Christie St / Benson Ave (Wychwood Barns),43.68,-79.42500000000001,0
7147,King St W / Fraser Ave,43.6394444,-79.42527777777778,15
7148,King St W / Joe Shuster Way,43.639444,-79.423611,18
7149,Yarmouth Rd / Christie St,43.67,-79.42083333333333,5
7150,Dufferin St / Sylvan Av (Dufferin Grove Park),43.6555556,-79.43361111111112,12
7151,Essex St / Christie St - SMART,43.6686111,-79.42027777777778,1
7152,Ossington Ave / Bloor St W,43.661705,-79.425734,4
7153,Bloor St W / Christie St,43.6638889,-79.41888888888889,1
7154,Bathurst Subway Station,43.6666667,-79.41166666666668,0
7155,Bathurst St / Lennox St,43.663808,-79.410491,2
7156,Salem Ave / Bloor St W,43.6608333,-79.43166666666667,1
7157,Dufferin St / Bloor St W,43.66083333333333,-79.43583333333333,5
7158,King St W / Stafford St,43.6422222,-79.41111111111111,0
7160,King St W / Tecumseth St,43.64333333333333,-79.40555555555557,0
7161,Beverley St / College St,43.6575,-79.39527777777778,19
7162,Hayter St / La Plante Ave,43.6591666666667,-79.3855555555556,10
7163,Yonge St / Wood St,43.6622222,-79.3825,2
7164,Gould St / Yonge St (TMU),43.657424,-79.381019,13
7168,Queens Quay / Yonge St,43.641646,-79.375308,10
7169,Front St W / Bay St (North Side),43.646162,-79.378912,6
7170,Spadina Ave / Willcocks St,43.6616667,-79.40138888888889,5
7171,Ontario Place Blvd / Lake Shore Blvd W,43.6322445,-79.4108105,13
7172,Strachan Ave / Princes' Blvd,43.635,-79.4088888888889,17
7173,Cariboo Ave / Railpath Trail,43.66666667,-79.45833333333334,14
7174,Bloor St W / Dundas St W,43.6563889,-79.45166666666667,12
7175,HTO Park (Queens Quay W),43.63796,-79.387502,6
7176,Bathurst St / Fort York Blvd,43.639179,-79.399595,3
7178,Dundas St W / Edna Ave,43.657192,-79.452559,3
7180,Lansdowne Subway Station,43.6587734,-79.443054,11
7181,Lansdowne Ave / Whytock Ave,43.6538888888889,-79.4413888888889,0
7182,Sterling Rd / Dundas St W,43.6508333333333,-79.4430555555556,0
7183,St Clarens Ave / College St,43.651238,-79.43868,7
7184,Ossington Ave / College St,43.6544915,-79.422634,3
7188,Exhibition GO (Atlantic Ave),43.637695491830144,-79.42023184193503,0
7189,Augusta Ave / Denison Sq,43.653766,-79.4016759,9
7190,St. George St / Hoskin Ave,43.6637403,-79.39806449999999,14
7191,Central Tech  (Harbord St),43.661975,-79.407896,0
7192,Harbord St / Clinton St,43.660414,-79.415646,2
7193,Dufferin St / Queen St W,43.64309687937765,-79.42875613770637,11
7194,Mortimer Ave / Coxwell Ave,43.690564,-79.326319,6
7195,Ulster St / Bathurst St,43.66,-79.4088888888889,0
7196,Roxton Rd / Harbord St,43.65905,-79.422988,1
7197,Queen St W / Dovercourt Rd,43.6438602,-79.4227573,0
7198,Queen St W / Cowan Ave,43.6409,-79.432837,9
7199,College St / Markham St,43.6563888888889,-79.4091666666667,4
7202,Queen St W / Bay St (City Hall),43.6517925,-79.38269509999999,20
7203,Bathurst St/Queens Quay(Billy Bishop Airport),43.635492,-79.398253,6
7204,College St / Crawford St,43.655,-79.418889,10
7205,Rusholme Park Cres / College St,43.65277778,-79.42972222,3
7206,Claremont St / Dundas St W,43.651281,-79.411717,0
7208,80 Clinton St,43.656296,-79.414663,5
7209,Ossington Ave / Harrison St,43.65111111111111,-79.4213888888889,10
7210,Mary McCormick Rec Centre (Sheridan Ave),43.6475,-79.43305555555555,7
7211,Fort York Blvd / Garrison Rd,43.637381,-79.406112,5
7216,Wellington St W / Stafford St,43.6409957,-79.40966630000001,1
7217,Soho St / Queen St W,43.6494896,-79.393535,5
7220,Lake Shore Blvd W / Ellis Ave,43.635932,-79.465083,7
7221,High Park Subway Station,43.6543604,-79.4655296,0
7222,Sunnyside - Gus Ryder Pool,43.637894,-79.454823,8
7223,Parkside Dr / Bloor St W - SMART,43.654501,-79.460053,9
7224,Bloor St W / High Park Ave (High Park),43.6535269,-79.4650569,7
7225,Lake Shore Blvd W / Windermere Ave,43.634896,-79.467763,3
7226,Lake Shore Blvd W / The Boulevard Club,43.636731,-79.444966,14
7227,Martin Goodman Trail (Marilyn Bell Park),43.6314,-79.4304,22
7228,Queen St W / Roncesvalles Ave,43.6372958,-79.4423237,16
7229,Dundas St W / Roncesvalles Ave Green P -SMART,43.6534268,-79.4512787,0
7230,Garden Ave / Roncesvalles Ave,43.643769,-79.447915,13
7231,Wright Ave / Sorauren Ave - SMART,43.646677,-79.442741,14
7232,Queen St W  /  Fuller Ave - SMART,43.640255,-79.439223,14
7233,King St W / Cowan Ave - SMART,43.637922,-79.431734,9
7234,Roncesvalles Ave / Marmaduke St,43.650492,-79.450842,12
7235,Bay St / College St (West Side) - SMART,43.660087,-79.385655,6
7236,Thompson St / Broadview Ave - SMART,43.659471,-79.350325,1
7237,Ward St / Wallace Ave,43.662857,-79.44618,8
7238,Sorauren Ave / Geoffrey St - SMART,43.649172,-79.4445087,4
7239,Bloor St W / Manning Ave - SMART,43.663912,-79.416124,1
7240,Bloor St W / Shaw St - SMART,43.662403,-79.423098,16
7242,Lake Shore Blvd W / Ontario Dr,43.630254,-79.420317,6
7244,Dufferin Gate - SMART,43.633473,-79.425679,16
7245,Tecumseth St / Queen St W - SMART,43.646552,-79.406468,1
7246,Yonge St / Bloor St,43.669969,-79.386532,1
7247,Howard Park Ave / Dundas St W - SMART,43.6521,-79.4486,3
7248,Baldwin St / Spadina Ave - SMART,43.654905,-79.398448,15
7249,Lakeview Ave / Harrison St (Green P) – SMART,43.651145,-79.423742,8
7250,Ursula Franklin St / St. George St - SMART,43.660296,-79.397107,16
7252,Robert St / Bloor St W - SMART,43.665846,-79.404998,7
7253,John St  / Mercer St - SMART,43.6461,-79.3895,10
7256,Vanauley St / Queen St W - SMART,43.648437,-79.39838,4
7257,Dundas St W / St. Patrick St,43.6545174,-79.3895315,6
7258,Queen St E / Rushbrooke Ave,43.6626628,-79.3323698,9
7259,Lower Spadina Ave / Lake Shore Blvd W,43.638497,-79.39192,7
7260,Spadina Ave / Adelaide St W,43.6472019,-79.3953394,12
7261,Queens Quay E / Lower Sherbourne St,43.645215,-79.364898,7
7262,Wychwood Ave / Benson Ave - SMART,43.6809164,-79.4229684,3
7263,Walton St / Elizabeth St - SMART,43.657838,-79.38631,7
7264,Bloor St E / Huntley St - SMART,43.671535,-79.379173,5
7265,Wallace Ave / Symington Ave - SMART,43.661324,-79.449534,1
7266,Victoria Park Subway Station - SMART,43.6940155,-79.2889842,7
7267,Dundas St E / Pembroke St - SMART,43.658295,-79.372346,1
7268,111 Bond St (North of Dundas St E)  - SMART,43.656927,-79.378497,13
7269,Toronto Eaton Centre (Yonge St) - SMART,43.655431,-79.380653,11
7270,Church St / Dundas St E - SMART,43.657024,-79.377257,3
7271,Yonge St / Alexander St - SMART,43.662862,-79.383572,5
7272,Yonge St / Dundonald St - SMART,43.665801,-79.384796,0
7273,Bay St / Charles St W - SMART,43.668153,-79.38891,10
7274,Queen's Park Cres E / Grosvenor St - SMART,43.661803,-79.389682,9
7276,Bloor St W / Balmuto St,43.669903,-79.387802,0
7277,Chorley Park - SMART,43.6856,-79.3718,1
7278,Mallon Ave / Jones Ave -SMART,43.66587,-79.33443,2
7279,Rosehill Ave / Avoca Ave - SMART,43.687999,-79.38906,7
7280,Charles St E / Jarvis St - SMART,43.669604,-79.381171,2
7281,Charles St W / Balmuto St - SMART,43.668427,-79.38725,1
7283,Front St W / Bay St (South Side),43.64595,-79.378761,9
7284,University Ave / King St W - SMART,43.6477785,-79.3847928,20
7285,Spadina Ave / Harbord St - SMART,43.6629228,-79.4018451,18
7286,Gerrard St E / Broadview Ave  - SMART,43.665656,-79.352055,0
7287,Queen St E / Pape Ave - SMART,43.661673,-79.337789,6
7288,Humber Bay Shores Park West,43.6224434,-79.480284,9
7289,Humber Bay Shores Park East,43.6308933,-79.4722622,8
7291,190 Queens Quay E,43.6451308,-79.36536439999999,1
7292,Granby St / Church St - SMART,43.6614605,-79.37894570000002,1
7296,Westmoreland Ave / Fernbank Ave,43.665327,-79.43235,11
7297,Havelock St / Dufferin Park,43.657343,-79.43112,12
7298,Bathurst St / Adelaide St W,43.645324,-79.40345,5
7299,Mill St / Parliament St,43.650256,-79.36163,4
7301,Primrose Ave / Davenport Rd,43.67142,-79.445947,10
7302,Winona Dr / Davenport Rd,43.674923,-79.430465,0
7303,Queen St E / Woodward Ave,43.665269,-79.319796,17
7309,Queen St. E / Rhodes Ave.,43.666224,-79.317693,14
7311,Sherbourne St / Isabella St,43.669576,-79.375961,1
7312,Amelia St. / Sumach St.,43.66852,-79.363525,3
7313,Lower Coxwell Ave /  Lake Shore Blvd E,43.662771,-79.315223,8
7314,Queen St. E / Eastern Ave,43.667208,-79.312315,12
7315,Queen St E / Hammersmith Ave,43.671349,-79.29451,6
7316,Queen St. E / Spruce Hill Rd.,43.672571,-79.289,12
7317,Hubbard Blvd / Balsam Av,43.669328,-79.288949,11
7318,Hubbard Blvd. / Glen Manor Dr.,43.668633,-79.291162,15
7319,Lake Shore Blvd E / Knox Ave,43.660206,-79.3244,9
7320,Front St W / University Ave (1),43.6451635,-79.3831757,18
7321,Front St W / University Ave (2),43.6452972,-79.3827914,19
7322,East Liberty St / Western Battery Rd,43.6392777,-79.4115736,0
7323,457 King St W,43.6452091,-79.3960744,16
7324,King St W / Charlotte St,43.645572,-79.39399,2
7326,Davenport Rd / Lansdowne Ave,43.671526,-79.44874,6
7327,Davenport Rd / Dovercourt Rd - SMART,43.6741219,-79.4352208,7
7328,Roxborough St W / Yonge St,43.678077,-79.390328,7
7329,Crawford St / Queen St W,43.645665,-79.415345,10
7331,Coxwell Ave / Plains Rd,43.69595,-79.328535,10
7332,200 Bloor St E,43.671561,-79.38117,15
7333,King St E / Victoria St,43.6495789,-79.3762096,18
7334,Simcoe St / Wellington St W North,43.6462176,-79.3855048,15
7335,Bay St / Bloor St W (West Side),43.669244,-79.3894,10
7336,Queen St E / Alton Av,43.663912,-79.327987,17
7337,Gerrard Square Mall (1010 Gerrard St E),43.668553,-79.338673,19
7338,Logan Ave / Bain Ave,43.6720273,-79.3470557,7
7339,Carlaw Ave / Strathcona Ave,43.6753188,-79.3462789,5
7340,Blake St / Boultbee Ave,43.672453,-79.338259,6
7341,Eastern Ave / Winnifred Ave,43.6592088,-79.3348396,13
7342,Morse St / Eastern Ave,43.657991,-79.340075,7
7343,Alton Ave / Dundas St E (Greenwood Park),43.66745,-79.329408,8
7344,Cherry Beach,43.637764,-79.345359,32
7345,Cherry Beach Sports Fields (55 Unwin Ave),43.6408346,-79.3429074,10
7346,Logan Av / Gerrard St E,43.6672144,-79.3452697,5
7347,Regal Rd / Dufferin St,43.673939,-79.441159,3
7348,Pape Ave / Gamble Ave,43.690237,-79.350119,6
7349,Gamble Ave / Broadview Ave,43.689211,-79.35438,7
7350,Broadview Ave / Westwood Ave,43.6848652,-79.356602,14
7351,Pretoria Ave / Broadview Ave,43.6783213,-79.35822,0
7352,Cosburn Ave / Donlands Ave,43.690537,-79.341307,2
7353,Fulton Ave / Pape Ave,43.68395,-79.347046,7
7354,Tommy Thompson Park (Leslie Street Spit),43.65222662225532,-79.32295440954084,10
7355,Beltline Trail / Chaplin Cres.,43.704461,-79.423122,1
7356,King St E / Berkeley St,43.651885,-79.3649,10
7357,Lake Shore Blvd E / Leslie St,43.659195,-79.329196,12
7359,Rosedale Park (20 Scholfield Ave),43.682645,-79.377557,0
7360,Concord Ave / Dewson St,43.656945,-79.424911,0
7361,Hocken Ave / Vaughan Rd,43.6817346,-79.4184725,7
7362,St Clair Ave W / Bathurst St.,43.683296,-79.418734,0
7363,Wells Hill Ave / St Clair Ave W,43.683351,-79.41562,6
7364,Queen St E / Nursewood Rd,43.673831,-79.281455,16
7365,Kewbeach Ave / Kenilworth Ave,43.666325,-79.3014,18
7366,Fort York Blvd / Bathurst St - SMART,43.639052,-79.399792,1
7367,Alma Ave / Gladstone Ave SMART,43.6448617,-79.42822,3
7368,Lisgar St / Dundas St W - SMART,43.6493472,-79.42668,5
7371,Eglinton Ave W / Henning Ave SMART,43.7063473,-79.40161,8
7373,George St / King St E,43.6509552,-79.3707,3
7374,Frederick St / The Esplanade,43.6487245,-79.36839,16
7375,Front St E / Scott St,43.6476616,-79.37549,9
7376,Frobisher Ave / Lascelles Blvd,43.696708,-79.40045,5
7377,Balliol St / Yonge St  SMART,43.6978701,-79.39419,7
7378,Yonge St / Davisville Ave,43.6975969,-79.39654,1
7379,Lawton Blvd / Yonge St,43.6910667,-79.39535,3
7380,Erskine Ave / Yonge St SMART,43.7112153,-79.39894,0
7381,Yonge St / Orchard View Blvd,43.7083577,-79.39886200000001,18
7383,12 Harbour St,43.6425636,-79.3762,5
7384,Cumberland St / Bay St SMART,43.6704537,-79.39014,9
7385,20 Charles St E,43.6691099,-79.38551,1
7386,D'Arcy St / McCaul St - SMART,43.655227,-79.39201,0
7387,Mortimer Ave / Carlaw Ave SMART,43.685167,-79.34962,6
7388,Broadview Subway Station,43.6772,-79.35858,2
7389,College Park - Gerrard Entrance,43.658938,-79.383518,1
7391,Yonge St / Dundas Sq,43.655766,-79.3802,15
7395,Dentonia Park,43.694341,-79.291416,9
7398,York St / Lake Shore Blvd W,43.641952,-79.380723,17
7399,Lower Jarvis St / Queens Quay E,43.64422,-79.36927,11
7400,Polson Pier,43.641675,-79.354006,17
7403,Lascelles Blvd / Eglinton Ave W,43.70547,-79.40355,3
7404,Roehampton Ave / Mount Pleasant Rd,43.70942,-79.39139,1
7406,Victoria St / Queen St E,43.652822,-79.378208,21
7408,University Ave / Armoury St,43.65263,-79.38766,18
7409,Isabella St / Church St,43.66834,-79.38235,11
7410,Howard St / Rose Ave,43.671278,-79.372127,6
7411,Little Norway Park,43.635023,-79.399505,10
7412,King St W / Crawford St,43.6417852,-79.4131148,3
7414,Keele St / Annette St,43.66402,-79.46418,10
7415,Keele St / Vine Ave,43.66686,-79.46526,10
7416,Spadina Ave / Blue Jays Way,43.641705,-79.393295,7
7417,King St W / Jordan St,43.648928,-79.378623,10
7418,College Park - Yonge St Entrance,43.65988,-79.38279,4
7420,Barton Ave / Howland Ave - SMART,43.66842,-79.410585,0
7422,Tyndall Ave / King St W - SMART,43.638426,-79.429142,12
7424,Merton St / Mount Pleasant Rd,43.697819,-79.38786,11
7425,The Queensway at South Kingsway,43.63632,-79.47307,8
7427,Northern Dancer Blvd / Lake Shore Blvd E,43.663162,-79.309765,15
7428,Woodbine Ave / Lake Shore Blvd E,43.665645,-79.304711,11
7429,Woodbine Subway Station,43.686442,-79.313404,3
7430,Marilyn Bell Park Tennis Court,43.633537,-79.437461,4
7431,Gerrard St E / Leslie St,43.669813,-79.3335,13
7432,Frederick St / King St E,43.651118,-79.369411,2
7433,Dundas St E / Boulton Ave - SMART,43.663148,-79.347938,5
7434,Via Italia / Mackay Ave,43.676697,-79.445029,7
7435,Rushton Rd / St Clair Ave W,43.68114,-79.4277,3
7437,Concord Ave / Bloor St W,43.66189,-79.42679,3
7438,Gothic Ave / Quebec Ave,43.65389,-79.4675,2
7440,Martin Goodman Trail / Remembrance Dr,43.63121,-79.41414,4
7441,Pacific Ave / Glenlake Ave,43.65716,-79.46478,14
7443,Dundas St E / George St,43.6574766,-79.373446,0
7444,Clendenan Ave / Rowland St - SMART,43.66073,-79.47149,3
7445,Eastwood Rd / Coxwell Ave,43.673118,-79.318651,14
7446,Orchard Park,43.66908,-79.3149,6
7447,Trent Ave / Danforth Ave,43.689293,-79.295895,7
7448,Goodwood Park Crt / Dentonia Park,43.694826,-79.295208,17
7449,Cosburn Ave / Cedarvale Ave,43.697139,-79.31469,7
7450,Carlaw Ave / Danforth Ave,43.678285,-79.347346,10
7451,Western Battery Rd / Pirandello St,43.640075,-79.414156,5
7452,Bleecker St / St James Ave,43.669232,-79.374495,9
7453,Jarvis St / Maitland Pl,43.6647688,-79.3772602,1
7454,Pottery Rd / Lower Don River Trail,43.688148,-79.362101,12
7455,E.T. Seton Park (Eglinton Ave E / Leslie St),43.715951,-79.351246,2
7457,Queen's Park Cres W / Hoskin Ave,43.665221,-79.394009,15
7458,Church St / Lombard St,43.651678,-79.375233,16
7459,St Clair Ave W / Winona Dr,43.680466,-79.432522,5
7460,High Park Outdoor Pool,43.649217,-79.465319,20
7461,High Park Amphitheatre,43.645653,-79.464366,21
7462,Richmond St E / Yonge St,43.651838,-79.378743,12
7463,Adelaide St W / Brant St - SMART,43.64600446255825,-79.39877642209015,17
7465,Russell Hill Rd / St Clair Ave W,43.685569,-79.408019,0
7466,Glendonwynne Rd / Bloor St W,43.65182,-79.47421,15
7467,Lower Simcoe St / Bremner Blvd,43.64283,-79.38409,8
7468,Front St W / Simcoe St,43.6442,-79.38702,14
7469,Wellington St W / York St,43.646734,-79.38301,19
7471,Lake Shore Blvd W / Louisa St,43.61868,-79.48674,13
7473,Adelaide St W / Strachan Ave,43.643253094827294,-79.41230469904167,7
7474,Clarence Square,43.64407,-79.3929,15
7475,Jarvis St / Richmond St E,43.652777,-79.372637,2
7476,Symington Ave / Dupont St,43.665538,-79.451263,5
7477,Antler St / Campbell Ave - SMART,43.664182,-79.449066,14
7478,Ellis Ave / The Queensway,43.63855,-79.46693,2
7479,Jane St / Bloor St W (Jane Subway Station),43.64976,-79.48477,7
7480,Neil McLellan Park,43.65143,-79.47779,2
7483,Southwood Dr / Kingston Rd - SMART,43.678685,-79.297974,1
7484,Briar Hill Ave / Yonge St - SMART,43.713524,-79.400162,2
7485,Blythwood Rd / Yonge St - SMART,43.716652,-79.399993,3
7486,Gerrard St E / Main St,43.684261,-79.299332,10
7487,Eastwood Rd / Woodbine Ave - SMART,43.676216,-79.309395,10
7488,Summerhill Ave / Maclennan Ave,43.685924,-79.376304,1
7489,Sumach St  / Queen St E,43.656638,-79.358749,0
7492,324 Cherry St,43.6482995,-79.3552533,13
7493,Sackville St / Eastern Ave - SMART,43.653809,-79.3595,5
7494,Davenport Rd / McAlpine St - SMART,43.673768,-79.391253,6
7496,Sunnyside Ave / The Queensway - SMART,43.6397,-79.44865,17
7497,128 Sterling Rd - SMART,43.654004,-79.444792,10
7501,Humberside Grounds - SMART,43.65917,-79.46997,3
7502,University Ave / College St (East),43.65995,-79.38964,12
7503,Gerrard St E / Malvern Ave - SMART,43.685221,-79.294766,5
7504,Gerrard St E / Victoria Park Ave - SMART,43.686962,-79.286864,2
7505,Ontario St / Adelaide St E -SMART,43.6535052,-79.3667689,4
7506,Berkeley St / Adelaide St E - SMART,43.653359,-79.365023,1
7508,Berkeley St / Dundas St E - SMART,43.658816,-79.367318,16
7514,Humber Bay Shores Park / Marine Parade Dr,43.626265,-79.476723,19
7515,Amos Waites Park,43.613606,-79.4883535,6
7516,Superior Ave / Lake Shore Blvd W,43.6146692,-79.4873148,10
7517,Ripley Ave / Ormskirk Ave,43.6390437,-79.4760109,21
7518,Lake Shore Blvd W / Colborne Lodge Dr,43.63771,-79.458173,13
7519,406 Oakwood Ave,43.68827060022711,-79.43937767081853,11
7520,St Clarens Ave / Shirley St,43.6486599,-79.4376413,7
7521,Emerson Ave / Bloor St W,43.659055,-79.440764,9
7522,Wallace Ave / Pauline Ave,43.6632257,-79.4397052,4
7523,Lynn Williams St / East Liberty St - SMART,43.638925,-79.4168659,4
7524,Lisgar Park,43.6423847,-79.4240277,4
7526,Bartlett Parkette,43.6702236,-79.4360232,7
7527,Joseph J Piccininni Community Centre,43.675648,-79.4527619,15
7528,Spadina Rd / Austin Terrace,43.67883,-79.408723,5
7529,Symington Ave / Davenport Rd,43.6704403,-79.45328549999999,1
7530,Sherbourne St N / Elm Ave,43.6752732,-79.3778458,5
7531,541 Huron St - SMART,43.670206,-79.402643,1
7533,Housey St / Dan Leckie Way,43.63811,-79.397877,6
7534,Walnut Ave / Queen St W,43.645469,-79.411084,3
7536,Palmerston Ave / Dundas St W,43.651603,-79.408346,2
7537,Euclid Ave / Herrick St - SMART,43.661559,-79.413845,0
7538,Vaughan Rd /Wychwood Ave,43.6882821,-79.4253856,5
7539,Davisville Ave / Pailton Cres,43.69933,-79.39199,18
7540,Alvin Ave / St Clair Ave E,43.68871,-79.39264,8
7541,Bellwoods Ave / Treford Pl - SMART,43.65246,-79.413528,6
7542,Queen St W / John St,43.650077,-79.391291,21
7543,Nassau St / Bellevue Ave,43.65484215542248,-79.40351232494366,6
7545,Baldwin St / Henry St,43.6560758,-79.393259,7
7546,Ross St / Cecil St - SMART,43.6568254,-79.3966159,4
7547,Orde St / McCaul St,43.6580442,-79.3927404,13
7548,St. Joseph St / Bay St - SMART,43.6658804,-79.38761010000002,3
7549,439 Sherbourne St,43.666051,-79.374161,14
7551,The Esplanade / Hahn Pl,43.649709,-79.364184,15
7552,Lake Shore Blvd W / Thirty Ninth Street,43.5927419,-79.54033009999999,18
7553,Lake Shore Blvd W / Twenty Fourth St,43.597082,-79.522768,10
7554,Humber College,43.5961692,-79.5160575,9
7555,Royal York Rd / Mimico Ave,43.612063,-79.496573,6
7556,Windsor St / Newcastle St,43.6171635,-79.4971065,18
7557,The Queensway / High St,43.630874,-79.482407,13
7558,Berry Rd / Bell Manor Dr,43.63732,-79.489083,12
7559,Swansea Community Centre,43.6438036,-79.4770327,3
7561,Annette St / Jane St,43.658574,-79.487246,10
7562,Priscilla  Ave / Dundas St W,43.664665,-79.489385,10
7563,St Clair Ave W / Castleton Ave,43.668496,-79.485426,1
7564,Durie St / Dundas St W,43.665523,-79.484892,13
7565,St Clair Ave W / Gunns Rd,43.672079,-79.470171,4
7566,Weston Rd / St Clair Ave W - SMART,43.673019,-79.467994,12
7567,Weston Lions Park,43.698841,-79.519472,8
7568,Jameson Ave / Queen St W,43.63985,-79.43703,23
7569,Toronto Inukshuk Park,43.6323994,-79.40978179999999,22
7570,Carlaw Ave / Dundas St E,43.665076,-79.341509,8
7571,Highfield Rd / Gerrard St E,43.671771,-79.324961,10
7572,Cosburn Ave / Durant Ave,43.6935477,-79.3301658,7
7575,Bayview Ave / Lawren Harris Square,43.6548521,-79.35397680000001,15
7576,Front St E / Bayview Avenue,43.6535,-79.354068,14
7577,Oak St / Sumach St,43.6617908,-79.361515,14
7579,Glebe Rd W / Yonge St,43.7005976,-79.397345,4
7580,Hillsdale Ave W / Yonge St,43.7029672,-79.3979073,5
7581,High Park Ave / Dundas St W,43.6653032,-79.4701178,7
7582,Alameda Ave / Vaughan Rd - SMART,43.690903,-79.4375028,9
7583,Eglinton Ave W / Scarlett Rd,43.6834703,-79.5108942,8
7584,The Pond Rd / Sentinel Rd,43.7696262,-79.5025943,3
7585,Sentinel Rd / Finch Corridor Trail,43.7641485,-79.5012809,3
7586,Finch West Subway Station,43.76521,-79.491281,6
7587,Dufferin St / Finch Corridor Trail,43.7724019,-79.4675395,5
7588,G Ross Lord Park,43.7781116,-79.467963,5
7589,Torresdale Ave / Antibes Dr,43.77953,-79.45233,13
7590,Esther Shiner Stadium,43.7774374,-79.4447096,14
7591,Elwood Blvd / Avenue Rd,43.707049,-79.40966,5
7593,Roehampton Ave / Bayview Ave,43.711751,-79.378615,8
7594,Fleming Cres / Bayview Ave,43.707045,-79.375437,3
7595,Moore Park,43.693256,-79.383238,2
7596,Langford Ave / Danforth Ave - SMART,43.6800218,-79.3405681,10
7597,Yonge St / Golfdale Rd,43.732016,-79.403637,3
7598,Teddington Park Ave,43.732975,-79.40401,0
7599,Richmond St W / York St,43.650745,-79.383633,13
7600,Ursula Franklin St / Huron St - SMART,43.660274,-79.398049,17
7601,Brick Works,43.683884,-79.36647,2
7602,Woodbine Ave / O'Connor Dr,43.699281,-79.318802,5
7604,St Columba Pl / St Clair Ave E,43.70567,-79.310554,8
7605,Lumsden Ave / Eastdale Ave,43.69413548199171,-79.30058718775287,13
7606,Dawes Rd / Taylor Creek Trl,43.696631,-79.297436,8
7607,Fairmount Park,43.6765897,-79.3163022,7
7608,Wilket Creek Park,43.720645,-79.355474,10
7609,Sunnybrook Park,43.720233,-79.362092,3
7610,Kingston Rd / Beech Ave,43.680095,-79.291714,5
7611,Victoria Park Ave / Danforth Ave,43.691468,-79.288619,12
7612,Livingston Rd / Guildwood Pkwy,43.747854,-79.199327,11
7613,Livingston Rd (Highland Creek Trail),43.7561681,-79.2026694,5
7614,Morningside Park (Highland Creek Trail),43.779353,-79.193023,5
7615,Colonel Danforth Park,43.7777114,-79.1659711,6
7616,Waterfront Trail (Rouge Hill),43.778015,-79.131911,4
7617,Starspray Blvd / Lawrence Ave E,43.788319,-79.123505,3
7618,Vaughan Rd / Oakwood Ave,43.6926825,-79.441042,15
7619,Braemar Ave / Eglinton Ave W,43.7041957,-79.4094472,1
7620,Eglinton Ave E / Redpath Ave,43.7078691,-79.39248,3
7622,Marie Curtis Park,43.5880774,-79.5432067,17
7623,Royal York Rd / Lake Shore Blvd W,43.6029904,-79.4926867,7
7624,Guildwood GO Station (South),43.754978,-79.1971289,2
7625,Yonge St / Lawrence Ave E,43.7254665,-79.40115449999999,2
7626,Rouge Hill GO Station,43.7805505,-79.1301203,4
7627,Shaw St / Essex St - SMART,43.667076,-79.425116,0
7629,Lundy Ave / Étienne Brûlé Park,43.6625395,-79.5030161,4
7630,Twelfth St / Thirteenth St,43.6002896,-79.5108692,20
7631,Florence Gell Park,43.6615467,-79.498398,5
7632,Chiltern Hill Rd / Eglinton Ave W,43.7004017,-79.4275305,0
7633,Noble St / Queen St W,43.6424558,-79.4296346,13
7634,University Ave / Gerrard St W (WEST) - SMART,43.6578449,-79.3899265,15
7635,Runnymede Rd / Annette St,43.6596299,-79.4799176,11
7636,Bloor St W / Riverside Dr,43.647663,-79.487583,5
7637,Judson St / Royal York Rd,43.6162721,-79.4990363,9
7639,135 Queens Wharf Rd - SMART,43.6399714,-79.39940399999999,1
7640,Spadina Rd / St.Clair Ave West,43.683979,-79.410657,3
7641,Annette St / Dundas St W,43.6641174,-79.4588522,8
7642,Yonge St / St Clair Ave,43.68850459999999,-79.3940052,12
7643,Oriole Pkwy / Kilbarry Rd,43.6954486,-79.4026176,4
7644,East Lynn Ave / Danforth Ave,43.6850809,-79.3149901,9
7645,University of Toronto Scarborough,43.7842419,-79.1849889,1
7646,University Ave / Richmond St W,43.6503935,-79.3860211,27
7647,Elm St/ University Ave (East Side),43.65637299999999,-79.38781039999999,2
7648,909 Yonge St,43.67515255542865,-79.38849615969643,6
7650,St Clair West Subway Station - Heath Entrance,43.686352,-79.415894,0
7654,Bloor St W / Pacific Ave,43.65412449999999,-79.4636388,1
7655,Danforth Ave / Dewhurst Blvd,43.680207,-79.339243,7
7656,Bloor St W / Brock Ave,43.6589882,-79.438715,2
7657,1 Market St - SMART,43.6469928,-79.3706665,0
7658,King's Mill Park,43.64920406876699,-79.49336334201408,23
7659,Amroth Ave / Danforth Ave,43.6856128,-79.31168269999999,5
7660,285 Victoria St,43.656633,-79.379625,36
7662,Beaty Ave / Queen St W,43.6393107,-79.4408141,15
7663,Kilgour Rd / Rumsey Rd,43.718039,-79.371914,5
7664,Sunnybrook Health Centre - L Wing,43.72268,-79.37644,6
7665,Sunnybrook Health Centre - S Wing,43.720998,-79.377456,5
7666,Dundas St W / St Helen's Ave - SMART,43.6504218,-79.4407647,9
7667,Spadina Ave / Sussex Ave - SMART,43.66402799999999,-79.40297869999999,27
7668,Simcoe St / Dundas St W - SMART,43.655103,-79.389295,4
7670,Yonge St / Woburn Ave - SMART,43.72814640000001,-79.4032194,3
7671,Yonge St / Montgomery Ave - SMART,43.70960859570095,-79.39915125005619,1
7675,1525 Dundas St W,43.64957,-79.432446,1
7676,York University (Glendon Campus) - SMART,43.72736548824631,-79.3814254607724,3
7677,1303 Yonge St - SMART,43.6846177,-79.39245919999999,1
7678,York University Station (South) - SMART,43.77345,-79.5002,1
7679,York University Station (North),43.7741,-79.5005,5
7680,Princes' Gates,43.634565,-79.409161,15
7681,25 Booth Ave,43.6544839,-79.34105699999999,7
7682,Bathurst St / Front St W,43.64134790000001,-79.4013882,15
7684,Bay St / Harbour St (East),43.64215,-79.377,18
7685,King St W / Brant St,43.645102,-79.39744979999999,17
7686,Lower Jarvis St / The Esplanade,43.6478206,-79.3704721,9
7687,Bloor St W / Gladstone Ave - SMART,43.6602021,-79.4342726,3
7688,High Park Blvd / Parkside Dr,43.644887,-79.45641169999999,11
7689,20 Eaton Ave,43.680012,-79.34403250000001,17
7691,Christie St / Dupont St,43.67168,-79.421192,7
7692,85 Lee Ave,43.6700692,-79.2971326,4
7693,Mutual St / Shuter St (Arena Gardens),43.6559476,-79.37558829999999,2
7694,Victoria Park Ave / Dawes Rd,43.706466,-79.29511,2
7695,Queen St E / Joseph Duggan Rd,43.6677628,-79.30811709999999,17
7696,Heyworth Cres / Kingston Rd,43.6750806,-79.3068697,5
7698,St Clair Ave W / Caledonia Rd,43.6754247,-79.4547813,11
7699,St Clair Ave W / Oakwood Ave,43.678177,-79.435364,1
7700,St Clair Ave W / Robina Ave,43.68005,-79.43469,1
7701,Roncesvalles Ave / Fermanagh Ave,43.646314469245205,-79.44879407014527,11
7702,111 Broadview Ave,43.6593483,-79.34993659999999,9
7703,Oak St / Sackville St,43.6613642,-79.3641171,10
7704,24 Mountjoy Ave,43.6808774,-79.3304491,10
7705,Colgate Ave / Carlaw Ave,43.6623658,-79.3413344,13
7706,Felstead Ave/Gillard Ave (Monarch Park),43.6791345,-79.3263159,10
7707,Coronation Park (Martin Goodman Trail),43.635495,-79.40352209999999,9
7708,101 Cedarvale Ave,43.6868681,-79.3110942,13
7709,Beltline Trail / Yonge St,43.6962302,-79.39504339999999,0
7710,11 Spadina Rd,43.6677246,-79.4041365,8
7711,Havelock St / Dewson St,43.6554793,-79.4302462,12
7712,Queen St W / Shaw St,43.6442457,-79.41610440000001,17
7713,Temperance St / Bay St,43.6506,-79.381285,16
7715,Lumsden Ave / Cedarvale Ave,43.693187,-79.314283,2
7716,Church St / The Esplanade,43.6469251,-79.3733192,16
7717,Niagara St / Portland St,43.6425791,-79.40011729999999,4
7718,St. Andrew's Playground Park,43.646552,-79.399586,10
7719,Wolseley St / Augusta Ave,43.6484201,-79.40051919999999,9
7720,King St W / Portland St,43.644395,-79.40065430000001,9
7721,Widmer St / King St W,43.6463574,-79.391206,7
7724,Wellesley St E / Parliament St,43.6682342,-79.3702641,1
7725,Yonge St / Macpherson Ave,43.6791876,-79.39071899999999,0
7728,Randolph Ave / Perth Ave,43.6585504,-79.4497659,11
7729,265 Armadale Ave,43.6501644,-79.48296909999999,16
7730,800 Fleet St,43.636804,-79.408832,16
7731,Victoria Park Ave / Kingston Rd,43.68035,-79.28357,6
7732,Kingston Rd / Warden Ave,43.68824135931814,-79.27046628033244,4
7733,Pharmacy Ave / Danforth Ave,43.6929478,-79.28339980000001,9
7734,Danforth Ave / Warden Ave,43.6950192,-79.27180659999999,0
7735,Birchcliff Ave / Kingston Rd,43.691688,-79.265027,9
7736,Birchmount Rd / Kingston Rd,43.69401297794256,-79.26257204548136,12
7737,Kingston Rd / Glen Everest Rd,43.697490048103,-79.25655146462776,8
7738,Highview Ave / Kennedy Rd,43.70241858146351,-79.2563167072858,14
7739,Kingston Rd / Ridgemoor Ave,43.70643614257429,-79.25104443353288,9
7740,Sharpe St / Park St (Sandown Park),43.7105975,-79.2541175,2
7741,Howard Park Ave / Parkside Dr,43.648657,-79.458111,14
7742,Eglinton Ave W / Prospect Cemetery,43.69415,-79.45782580000001,17
7743,Eglinton Ave W / Gilbert Ave,43.69263249999999,-79.4627536,0
7744,Rogers Rd / Prospect Cemetery,43.68323,-79.455765,21
7745,Bert Robinson Park,43.688028,-79.460265,3
7746,Marlee Ave / York Beltline Trail,43.70163,-79.44099,1
7747,Eglinton Ave W / Ennerdale Rd,43.69466,-79.45376999999999,5
7748,Bloor St W / Old Mill Trl,43.65016869999999,-79.4963345,8
7749,Wendover Rd / Bloor St W (Green P),43.6492,-79.50601999999999,3
7750,Luttrell Ave / Danforth Ave,43.6897656,-79.2939525,2
7751,Willingdon Blvd / Bloor St W (Green P),43.64817,-79.510392,6
7752,1926 Lake Shore Blvd W,43.6357643,-79.4674917,15
7753,36 Park Lawn Rd,43.62369169999999,-79.4838132,7
7754,Walter Saunders Park,43.69932707258943,-79.4493630391668,1
7755,Park Lawn Rd / Berry Rd,43.63560589999999,-79.4934616,3
7756,Tobermory Dr / Finch Corridor Trail,43.7611741,-79.5114452,4
7757,The Well,43.643025055165865,-79.39430137761319,18
7758,Driftwood Ave / Finch Corridor Trail,43.7603624,-79.5162777,1
7759,The Pond Rd / Shoreham Dr,43.772445,-79.511912,10
7760,Grand Avenue Park,43.62313,-79.4918,7
7761,Moss Park,43.655972,-79.370638,1
7762,College St / Henry St ,43.6591529,-79.3947953,10
7765,St. John's Rd / Dundas St W,43.66526761605873,-79.47502122887077,5
7766,Albany Ave / Bloor St W,43.66554144421798,-79.41010317605742,2
7767,Pioneer Village Subway Station,43.77649016265579,-79.5085364909097,3
7768,Armoury St / Chestnut St,43.65351799690878,-79.38591063795928,12
7769,Lake Shore Blvd W / Brow Dr,43.59119994025076,-79.54449133041076,5
7770,Spadina Ave / Sullivan St,43.65082785552666,-79.39698099821702,22
7771,St. Clair Ave W / Osler St,43.673843560032594,-79.46092618902435,0
7772,Simcoe St / King St W,43.647508351306186,-79.38604436555764,15
7773,Grenoble Dr / Gateway Blvd,43.71513211098082,-79.33413623320465,3
7774,Grenoble Dr / Deauville Ln,43.71649675774656,-79.33089439933623,6
7775,Grenoble Dr / Vendome Pl,43.715537998967406,-79.32811427663442,8
7776,Ferrand Dr / Rochefort Dr,43.71963253523784,-79.33199950866776,14
7777,Thorncliffe Park Dr / Leaside Park Trail,43.70400405297843,-79.34807015078738,3
7778,75 Thorncliffe Park Dr,43.70518328279426,-79.34224729962946,3
7779,165 McRae Dr,43.70656159598004,-79.36781965092621,4
7780,Mount Pleasant Rd / Davisville Ave - SMART,43.70088225686968,-79.38736016665911,2
7781,St Clair Ave W / Avenue Rd ,43.68688938028234,-79.40099513147447,0
7782,Downsview Park Subway Station - SMART,43.753107,-79.479626,2
7783,60 Carl Hall Rd - SMART,43.7482972,-79.47570569999999,0
7784,Downsview Park Blvd / Keele St  - SMART,43.73673829262113,-79.48227195568086,11
7785,Keele St / Dovehouse Ave - SMART,43.7494501,-79.4869662,8
7787,HTO Park West,43.63737145931921,-79.38976958703309,26
7788,Queens Quay E / Lower Jarvis St ,43.64392767366328,-79.3687301736982,17
7789,75 Holly St - Green P,43.7063279,-79.3962499,0
7790,Lynn Williams St / Pirandello St ,43.63912451479701,-79.41423166721611,1
7791,Ossington Ave / Bruce St,43.64570236705167,-79.41933192053696,8
7794,York St / Harbour St (Love Park),43.640741,-79.3798521,14
7795,519 Church St  - SMART,43.666850777484896,-79.38114574756837,2
7796,Dundas St E / River St,43.661152,-79.358505,0
7798,Shuter St/River St,43.659296,-79.358035,1
7799,Danforth Ave / Danforth Rd,43.69362206784152,-79.27710529695892,3
7800,Brimley Rd / McCowan District Park,43.72704086366749,-79.24391402446746,0
7801,Parkcrest Dr / Kingston Rd,43.73596719224253,-79.21995221481933,3
7802,King St W / Jameson Ave - SMART,43.63735795888104,-79.43617975886079,3
7803,Scarborough Soccer Centre,43.7154661,-79.2876595,4
7804,Lansdowne Ave / Seaforth Ave ,43.64290439595669,-79.43746059447746,10
7805,Pharmacy Ave / Teesdale Pl,43.69735608087488,-79.28528711019696,8
7806,Danforth Rd / Birchmount Rd ,43.70688,-79.26850999999999,8
7807,552 Birchmount Rd,43.71176278859601,-79.27028152889692,6
7808,Eastgate Ct / Pharmacy Ave ,43.7110442448186,-79.29127313845584,6
7809,Firvalley Ct / Warden Ave,43.7032112,-79.2787149,8
7810,Avenue Rd / Cumberland St ,43.669821695059376,-79.39444614603269,6
7811,Midland Ave / Kingston Rd,43.7128578,-79.2487086,0
7812,Bellamy Rd S / Kingston Rd,43.7323277855009,-79.22496619876934,11
7813,Yonge St / Merton St ,43.6962750705313,-79.39629396191867,4
7814,Fenwood Ht / Kingston Rd,43.72690169821676,-79.22920396582664,2
7815,Avenue Rd / Macpherson Ave ,43.67794376009951,-79.39836278587889,11
7816,Bay St / Dundas St W,43.655350778457056,-79.38345966759798,18
7817,Shaw St / King St W,43.6412561641921,-79.41502994047545,8
7818,Soudan Ave / Yonge St ,43.70430959999999,-79.3972815,0
7819,Avenue Rd / Oxton Ave ,43.69711160305226,-79.40537298227844,8
7820,1612 Danforth Ave ,43.68370788065334,-79.32262453633884,5
7821,Lisgar St / Queen St W,43.64299174164139,-79.42355911563249,2
